{
	"bank": {
		"amoc": 1.0,
		"binseg": 1.0,
		"bocpd": 1.0,
		"bocpdms": 0.5,
		"cpnp": 0.05405405405405406,
		"ecp": 0.19999999999999998,
		"kcpa": 0.33333333333333337,
		"pelt": 0.4,
		"prophet": 1.0,
		"rbocpdms": null,
		"rfpop": 0.015151515151515152,
		"segneigh": 1.0,
		"wbs": 0.042553191489361694,
		"zero": 1.0
	},
	"bitcoin": {
		"amoc": 0.5074626865671642,
		"binseg": 0.6899203515517714,
		"bocpd": 0.7333333333333333,
		"bocpdms": 0.5333333333333332,
		"cpnp": 0.6108918705603787,
		"ecp": 0.6254681647940075,
		"kcpa": 0.6648953835934905,
		"pelt": 0.7346938775510203,
		"prophet": 0.4460431654676259,
		"rbocpdms": null,
		"rfpop": 0.284325637910085,
		"segneigh": 0.7346938775510203,
		"wbs": 0.6899383983572897,
		"zero": 0.44961240310077516
	},
	"brent_spot": {
		"amoc": 0.4654731457800512,
		"binseg": 0.6698564593301435,
		"bocpd": 0.6086956521739131,
		"bocpdms": 0.23931623931623927,
		"cpnp": 0.6074320116254931,
		"ecp": 0.6363636363636364,
		"kcpa": 0.5525773195876289,
		"pelt": 0.5863678804855276,
		"prophet": 0.2485875706214689,
		"rbocpdms": null,
		"rfpop": 0.5206921155904388,
		"segneigh": 0.5863678804855276,
		"wbs": 0.563701923076923,
		"zero": 0.3146067415730337
	},
	"businv": {
		"amoc": 0.5882352941176471,
		"binseg": 0.5882352941176471,
		"bocpd": 0.5882352941176471,
		"bocpdms": 0.45454545454545453,
		"cpnp": 0.38636363636363635,
		"ecp": 0.3703703703703703,
		"kcpa": 0.2940038684719536,
		"pelt": 0.4903225806451614,
		"prophet": 0.27530364372469635,
		"rbocpdms": 0.3703703703703703,
		"rfpop": 0.2608695652173913,
		"segneigh": 0.5882352941176471,
		"wbs": 0.28938906752411575,
		"zero": 0.5882352941176471
	},
	"centralia": {
		"amoc": 0.9090909090909091,
		"binseg": 1.0,
		"bocpd": 1.0,
		"bocpdms": 1.0,
		"cpnp": 1.0,
		"ecp": 0.9090909090909091,
		"kcpa": 1.0,
		"pelt": 1.0,
		"prophet": 0.7628865979381444,
		"rbocpdms": 0.8461538461538461,
		"rfpop": 1.0,
		"segneigh": 1.0,
		"wbs": 0.5555555555555556,
		"zero": 0.7628865979381444
	},
	"children_per_woman": {
		"amoc": 0.6784140969162996,
		"binseg": 0.6633165829145727,
		"bocpd": 0.7124463519313304,
		"bocpdms": 0.40476190476190477,
		"cpnp": 0.34439834024896265,
		"ecp": 0.5507246376811594,
		"kcpa": 0.5253164556962024,
		"pelt": 0.6368286445012787,
		"prophet": 0.31017119838872104,
		"rbocpdms": 0.5037037037037037,
		"rfpop": 0.24561403508771928,
		"segneigh": 0.6368286445012787,
		"wbs": 0.5,
		"zero": 0.5074626865671642
	},
	"co2_canada": {
		"amoc": 0.5441941074523396,
		"binseg": 0.8555858310626703,
		"bocpd": 0.9244558258642765,
		"bocpdms": 0.47902364607170106,
		"cpnp": 0.6419753086419754,
		"ecp": 0.8746355685131195,
		"kcpa": 0.867075664621677,
		"pelt": 0.6703248463564531,
		"prophet": 0.48212083847102344,
		"rbocpdms": 0.5418933623503808,
		"rfpop": 0.5687485701212537,
		"segneigh": 0.8717259905977165,
		"wbs": 0.6806187443130118,
		"zero": 0.36097560975609755
	},
	"construction": {
		"amoc": 0.6956521739130436,
		"binseg": 0.7090909090909091,
		"bocpd": 0.7090909090909091,
		"bocpdms": 0.4102564102564102,
		"cpnp": 0.6021505376344086,
		"ecp": 0.7090909090909091,
		"kcpa": 0.6341463414634146,
		"pelt": 0.7090909090909091,
		"prophet": 0.32432432432432434,
		"rbocpdms": 0.3404255319148936,
		"rfpop": 0.1851851851851852,
		"segneigh": 0.7090909090909091,
		"wbs": 0.5233644859813084,
		"zero": 0.6956521739130436
	},
	"debt_ireland": {
		"amoc": 0.7603305785123966,
		"binseg": 1.0,
		"bocpd": 1.0,
		"bocpdms": 0.8921933085501859,
		"cpnp": 0.9583333333333333,
		"ecp": 0.9795918367346939,
		"kcpa": 1.0,
		"pelt": 1.0,
		"prophet": 0.4693877551020408,
		"rbocpdms": 0.7483296213808462,
		"rfpop": 0.8235294117647058,
		"segneigh": 1.0,
		"wbs": 0.5384615384615384,
		"zero": 0.4693877551020408
	},
	"gdp_argentina": {
		"amoc": 0.888888888888889,
		"binseg": 0.9473684210526316,
		"bocpd": 0.9473684210526316,
		"bocpdms": 0.5833333333333333,
		"cpnp": 0.8181818181818182,
		"ecp": 0.888888888888889,
		"kcpa": 0.8,
		"pelt": 0.9473684210526316,
		"prophet": 0.6153846153846153,
		"rbocpdms": 0.45161290322580644,
		"rfpop": 0.6153846153846153,
		"segneigh": 0.9473684210526316,
		"wbs": 0.4210526315789474,
		"zero": 0.8235294117647058
	},
	"gdp_croatia": {
		"amoc": 1.0,
		"binseg": 0.8235294117647058,
		"bocpd": 1.0,
		"bocpdms": 0.5833333333333333,
		"cpnp": 1.0,
		"ecp": 0.8235294117647058,
		"kcpa": 0.5833333333333333,
		"pelt": 0.8235294117647058,
		"prophet": 0.8235294117647058,
		"rbocpdms": 0.8235294117647058,
		"rfpop": 0.4,
		"segneigh": 0.8235294117647058,
		"wbs": 0.16666666666666669,
		"zero": 0.8235294117647058
	},
	"gdp_iran": {
		"amoc": 0.6956521739130436,
		"binseg": 0.651685393258427,
		"bocpd": 0.8615384615384615,
		"bocpdms": 0.4915254237288136,
		"cpnp": 0.620253164556962,
		"ecp": 0.8235294117647058,
		"kcpa": 0.7340823970037452,
		"pelt": 0.8082474226804124,
		"prophet": 0.651685393258427,
		"rbocpdms": 0.7368421052631579,
		"rfpop": 0.6363636363636364,
		"segneigh": 0.8082474226804124,
		"wbs": 0.5756240822320117,
		"zero": 0.651685393258427
	},
	"gdp_japan": {
		"amoc": 1.0,
		"binseg": 0.888888888888889,
		"bocpd": 1.0,
		"bocpdms": 0.6153846153846154,
		"cpnp": 0.6666666666666666,
		"ecp": 1.0,
		"kcpa": 0.5,
		"pelt": 0.888888888888889,
		"prophet": 0.888888888888889,
		"rbocpdms": 0.888888888888889,
		"rfpop": 0.2222222222222222,
		"segneigh": 0.888888888888889,
		"wbs": 0.2222222222222222,
		"zero": 0.888888888888889
	},
	"global_co2": {
		"amoc": 0.9285714285714286,
		"binseg": 0.9285714285714286,
		"bocpd": 0.888888888888889,
		"bocpdms": 0.45833333333333337,
		"cpnp": 0.6666666666666666,
		"ecp": 0.9285714285714287,
		"kcpa": 0.6666666666666666,
		"pelt": 0.9285714285714286,
		"prophet": 0.46280991735537186,
		"rbocpdms": 0.5473684210526316,
		"rfpop": 0.2932330827067669,
		"segneigh": 0.9285714285714286,
		"wbs": 0.25,
		"zero": 0.8461538461538461
	},
	"homeruns": {
		"amoc": 0.8118811881188119,
		"binseg": 0.8292682926829268,
		"bocpd": 0.8292682926829268,
		"bocpdms": 0.6496815286624203,
		"cpnp": 0.6495726495726496,
		"ecp": 0.8291457286432161,
		"kcpa": 0.8291457286432161,
		"pelt": 0.8118811881188119,
		"prophet": 0.7233146067415729,
		"rbocpdms": 0.3973063973063973,
		"rfpop": 0.6610169491525424,
		"segneigh": 0.8118811881188119,
		"wbs": 0.6644951140065146,
		"zero": 0.659217877094972
	},
	"iceland_tourism": {
		"amoc": 0.9473684210526316,
		"binseg": 0.9473684210526316,
		"bocpd": 0.9473684210526316,
		"bocpdms": 0.48648648648648646,
		"cpnp": 0.391304347826087,
		"ecp": 1.0,
		"kcpa": 0.48648648648648646,
		"pelt": 0.6428571428571429,
		"prophet": 0.21951219512195125,
		"rbocpdms": 0.6666666666666666,
		"rfpop": 0.19999999999999998,
		"segneigh": 0.9473684210526316,
		"wbs": 0.19999999999999998,
		"zero": 0.9473684210526316
	},
	"jfk_passengers": {
		"amoc": 0.7755102040816326,
		"binseg": 0.7755102040816326,
		"bocpd": 0.7755102040816326,
		"bocpdms": 0.6495726495726496,
		"cpnp": 0.6021505376344085,
		"ecp": 0.6511627906976745,
		"kcpa": 0.43678160919540227,
		"pelt": 0.7755102040816326,
		"prophet": 0.35374149659863946,
		"rbocpdms": null,
		"rfpop": 0.4912280701754385,
		"segneigh": 0.7755102040816326,
		"wbs": 0.43678160919540227,
		"zero": 0.723404255319149
	},
	"lga_passengers": {
		"amoc": 0.5611510791366906,
		"binseg": 0.6203208556149732,
		"bocpd": 0.7036599763872492,
		"bocpdms": 0.5628318584070797,
		"cpnp": 0.6062992125984252,
		"ecp": 0.892156862745098,
		"kcpa": 0.5260663507109005,
		"pelt": 0.537037037037037,
		"prophet": 0.36568848758465017,
		"rbocpdms": null,
		"rfpop": 0.5917258671124112,
		"segneigh": 0.537037037037037,
		"wbs": 0.6740175289793611,
		"zero": 0.5347985347985348
	},
	"measles": {
		"amoc": 0.9473684210526316,
		"binseg": 0.9473684210526316,
		"bocpd": 0.9473684210526316,
		"bocpdms": 0.48648648648648646,
		"cpnp": 0.11764705882352941,
		"ecp": 0.07964601769911504,
		"kcpa": 0.28125,
		"pelt": 0.15254237288135591,
		"prophet": 0.391304347826087,
		"rbocpdms": null,