{
	"bocpd": 0.9407049491956461,
	"bocpdms": 0.5327627944865245,
	"ecp": 0.7251421388666226,
	"kcpa": 0.7473036444833079,
	"zero": 0.5771739603118445
}
