{
	"apple": {
		"amoc": null,
		"binseg": null,
		"bocpd": 0.8460730008400692,
		"bocpdms": 0.7204402102982397,
		"cpnp": null,
		"ecp": 0.7581073567120613,
		"kcpa": 0.46211340377509946,
		"pelt": null,
		"prophet": null,
		"rbocpdms": null,
		"rfpop": null,
		"segneigh": null,
		"wbs": null,
		"zero": 0.4246265030345013
	},
	"bee_waggle_6": {
		"amoc": null,
		"binseg": null,
		"bocpd": 0.8911284212456287,
		"bocpdms": 0.8885462779845985,
		"cpnp": null,
		"ecp": 0.11625615763546797,
		"kcpa": 0.7303950723782282,
		"pelt": null,
		"prophet": null,
		"rbocpdms": 0.20548748824610893,
		"rfpop": null,
		"segneigh": null,
		"wbs": null,
		"zero": 0.8911284212456287
	},
	"occupancy": {
		"amoc": null,
		"binseg": null,
		"bocpd": 0.6450457868544032,
		"bocpdms": 0.5562845009346071,
		"cpnp": null,
		"ecp": 0.6658323068550764,
		"kcpa": 0.5811261033060695,
		"pelt": null,
		"prophet": null,
		"rbocpdms": null,
		"rfpop": null,
		"segneigh": null,
		"wbs": null,
		"zero": 0.23562129218275363
	},
	"run_log": {
		"amoc": null,
		"binseg": null,
		"bocpd": 0.8235971255351833,
		"bocpdms": 0.3274407294832827,
		"cpnp": null,
		"ecp": 0.8185632757092198,
		"kcpa": 0.7292743161094225,
		"pelt": null,
		"prophet": null,
		"rbocpdms": 0.32929342193501193,
		"rfpop": null,
		"segneigh": null,
		"wbs": null,
		"zero": 0.3035168628338615
	}
}
