{
	"amoc": 0.7827330244626048,
	"binseg": 0.8031280093237617,
	"bocpd": 0.8307501589195349,
	"bocpdms": 0.568782994696522,
	"cpnp": 0.5669381324304421,
	"ecp": 0.7060062858372516,
	"kcpa": 0.5890673779576903,
	"pelt": 0.7028636492743974,
	"prophet": 0.5056771261253178,
	"rfpop": 0.39155673412323544,
	"segneigh": 0.8064026485290847,
	"wbs": 0.3904386889845699
}
