{
	"bocpd": 0.718040907733408,
	"bocpdms": 0.3862673506325448,
	"ecp": 0.38790015348968676,
	"kcpa": 0.4560758392509358,
	"zero": 0.5771739603118445
}
