{
	"bocpd": 0.8014610836188212,
	"bocpdms": 0.623177929675182,
	"ecp": 0.5896897742279563,
	"kcpa": 0.6257272238922049,
	"zero": 0.4637232698241863
}
