{
	"amoc": 0.7459885613899411,
	"binseg": 0.7802450807698526,
	"bocpd": 0.7893677883831502,
	"bocpdms": 0.7437910669069924,
	"cpnp": 0.5521057252492911,
	"ecp": 0.7201127249564852,
	"kcpa": 0.6259812215462993,
	"pelt": 0.72544802722863,
	"prophet": 0.5762221953717342,
	"rfpop": 0.41415432945370306,
	"segneigh": 0.783592466351048,
	"wbs": 0.42803626569747943
}
