{
	"bank": {
		"amoc": 1.0,
		"binseg": 1.0,
		"bocpd": 1.0,
		"bocpdms": 0.9965576592082617,
		"cpnp": 0.10327022375215147,
		"ecp": 0.23752151462994836,
		"kcpa": 0.5094664371772806,
		"pelt": 0.5094664371772806,
		"prophet": 1.0,
		"rbocpdms": null,
		"rfpop": 0.03614457831325301,
		"segneigh": 1.0,
		"wbs": 0.05335628227194492
	},
	"bitcoin": {
		"amoc": 0.7707706590725811,
		"binseg": 0.7712230785185206,
		"bocpd": 0.8218751499362484,
		"bocpdms": 0.7734172618691044,
		"cpnp": 0.364280150953304,
		"ecp": 0.771791096989872,
		"kcpa": 0.7784573367419938,
		"pelt": 0.7936372340800746,
		"prophet": 0.7226106485390158,
		"rbocpdms": null,
		"rfpop": 0.16794573643410854,
		"segneigh": 0.7712230785185206,
		"wbs": 0.409493345209164
	},
	"brent_spot": {
		"amoc": 0.5028414234471386,
		"binseg": 0.6501765487475175,
		"bocpd": 0.6670166047557559,
		"bocpdms": 0.26496351807228913,
		"cpnp": 0.43655051624508845,
		"ecp": 0.652671419860276,
		"kcpa": 0.5709867202012286,
		"pelt": 0.6585704614415928,
		"prophet": 0.5267413957201191,
		"rbocpdms": null,
		"rfpop": 0.23491099182381608,
		"segneigh": 0.6585704614415928,
		"wbs": 0.31014712103354664
	},
	"businv": {
		"amoc": 0.5735800041718168,
		"binseg": 0.5616385346323081,
		"bocpd": 0.6934639833585337,
		"bocpdms": 0.45893761338439826,
		"cpnp": 0.40166105499438826,
		"ecp": 0.6896418732782369,
		"kcpa": 0.4047004028822211,
		"pelt": 0.6471030804943848,
		"prophet": 0.538569302841513,
		"rbocpdms": 0.45893761338439826,
		"rfpop": 0.1227128427128427,
		"segneigh": 0.6471030804943848,
		"wbs": 0.15422799422799421
	},
	"centralia": {
		"amoc": 0.6746666666666667,
		"binseg": 0.6746666666666667,
		"bocpd": 0.7533333333333333,
		"bocpdms": 0.6502564102564102,
		"cpnp": 0.6746666666666667,
		"ecp": 0.7533333333333333,
		"kcpa": 0.6746666666666667,
		"pelt": 0.6746666666666667,
		"prophet": 0.6746666666666667,
		"rbocpdms": 0.6235897435897436,
		"rfpop": 0.5683333333333334,
		"segneigh": 0.6746666666666667,
		"wbs": 0.2533333333333333
	},
	"children_per_woman": {
		"amoc": 0.8043846316761503,
		"binseg": 0.7982556272643626,
		"bocpd": 0.8012634416693543,
		"bocpdms": 0.4271879654329124,
		"cpnp": 0.48580005249759645,
		"ecp": 0.7180537187470566,
		"kcpa": 0.6130951300332053,
		"pelt": 0.7982556272643626,
		"prophet": 0.5208010335917312,
		"rbocpdms": 0.7152983477067913,
		"rfpop": 0.15409241920869826,
		"segneigh": 0.7982556272643626,
		"wbs": 0.2843853820598007
	},
	"co2_canada": {
		"amoc": 0.5267191888742934,
		"binseg": 0.746850755580038,
		"bocpd": 0.772926509938741,
		"bocpdms": 0.5835255294963175,
		"cpnp": 0.5281222358078749,
		"ecp": 0.7509102911262894,
		"kcpa": 0.7393910176418691,
		"pelt": 0.7051117348441817,
		"prophet": 0.6052738096557918,
		"rbocpdms": 0.6167070784423279,
		"rfpop": 0.4966352996448755,
		"segneigh": 0.7516527165934928,
		"wbs": 0.5520636623107346
	},
	"construction": {
		"amoc": 0.6285250381802105,
		"binseg": 0.5746032369964917,
		"bocpd": 0.5854539426091151,
		"bocpdms": 0.5712959390806137,
		"cpnp": 0.3745412598091821,
		"ecp": 0.5244863926748338,
		"kcpa": 0.39527377713373163,
		"pelt": 0.4227346947723124,
		"prophet": 0.5613415565464418,
		"rbocpdms": 0.5749347601306438,
		"rfpop": 0.1537453963797438,
		"segneigh": 0.5746032369964917,
		"wbs": 0.29963287533304633
	},
	"debt_ireland": {
		"amoc": 0.6346153846153847,
		"binseg": 0.7174603174603175,
		"bocpd": 0.6875132275132276,
		"bocpdms": 0.7290476190476192,
		"cpnp": 0.7770823885109599,
		"ecp": 0.7982539682539682,
		"kcpa": 0.7467989417989418,
		"pelt": 0.7770823885109599,
		"prophet": 0.32063492063492066,
		"rbocpdms": 0.39596560846560835,
		"rfpop": 0.4888888888888888,
		"segneigh": 0.7770823885109599,
		"wbs": 0.24761904761904757
	},
	"gdp_argentina": {
		"amoc": 0.737087043952887,
		"binseg": 0.737087043952887,
		"bocpd": 0.737087043952887,
		"bocpdms": 0.7110348407646522,
		"cpnp": 0.4614012706269044,
		"ecp": 0.737087043952887,
		"kcpa": 0.3674114021571649,
		"pelt": 0.6674763588023808,
		"prophet": 0.5923942458339267,
		"rbocpdms": 0.7110348407646522,
		"rfpop": 0.3461016949152542,
		"segneigh": 0.737087043952887,
		"wbs": 0.32618917441224715
	},
	"gdp_croatia": {
		"amoc": 0.7083333333333333,
		"binseg": 0.7083333333333333,
		"bocpd": 0.7083333333333333,
		"bocpdms": 0.6749999999999999,
		"cpnp": 0.7083333333333333,
		"ecp": 0.7083333333333333,
		"kcpa": 0.6229166666666666,
		"pelt": 0.7083333333333333,
		"prophet": 0.7083333333333333,
		"rbocpdms": 0.7083333333333333,
		"rfpop": 0.35303030303030297,
		"segneigh": 0.7083333333333333,
		"wbs": 0.10833333333333332
	},
	"gdp_iran": {
		"amoc": 0.582639714625446,
		"binseg": 0.582639714625446,
		"bocpd": 0.582639714625446,
		"bocpdms": 0.6106152805949967,
		"cpnp": 0.4480768764104928,
		"ecp": 0.582639714625446,
		"kcpa": 0.5052552055304881,
		"pelt": 0.5052552055304881,
		"prophet": 0.582639714625446,
		"rbocpdms": 0.6920977011494253,
		"rfpop": 0.2482758620689655,
		"segneigh": 0.582639714625446,
		"wbs": 0.2949833691213002
	},
	"gdp_japan": {
		"amoc": 0.802140309155767,
		"binseg": 0.802140309155767,
		"bocpd": 0.802140309155767,
		"bocpdms": 0.7767113979955835,
		"cpnp": 0.5219667943805875,
		"ecp": 0.802140309155767,
		"kcpa": 0.5251231527093596,
		"pelt": 0.802140309155767,
		"prophet": 0.802140309155767,
		"rbocpdms": 0.802140309155767,
		"rfpop": 0.2827586206896552,
		"segneigh": 0.802140309155767,
		"wbs": 0.2827586206896552
	},
	"global_co2": {
		"amoc": 0.7583210059171598,
		"binseg": 0.7583210059171598,
		"bocpd": 0.7583210059171598,
		"bocpdms": 0.7448794088641374,
		"cpnp": 0.38131214024071164,
		"ecp": 0.6650294201854959,
		"kcpa": 0.6019677335999438,
		"pelt": 0.7431332769794309,
		"prophet": 0.28393162393162397,
		"rbocpdms": 0.7448794088641374,
		"rfpop": 0.368040293040293,
		"segneigh": 0.7583210059171598,
		"wbs": 0.3384615384615385
	},
	"homeruns": {
		"amoc": 0.6938028443405415,
		"binseg": 0.6826141913243321,
		"bocpd": 0.6938028443405415,
		"bocpdms": 0.680960144370277,
		"cpnp": 0.5372958235595549,
		"ecp": 0.6938028443405415,
		"kcpa": 0.5005147949010114,
		"pelt": 0.6826141913243321,
		"prophet": 0.5745768856386569,
		"rbocpdms": 0.505774202815283,
		"rfpop": 0.39217533606078314,
		"segneigh": 0.6826141913243321,
		"wbs": 0.4067376916868442
	},
	"iceland_tourism": {
		"amoc": 0.9460215651119921,
		"binseg": 0.9460215651119921,
		"bocpd": 0.9460215651119921,
		"bocpdms": 0.9363470414337328,
		"cpnp": 0.3932225228707641,
		"ecp": 0.8418851011815836,
		"kcpa": 0.6545290555340807,
		"pelt": 0.8304084525190053,
		"prophet": 0.49849246231155775,
		"rbocpdms": 0.9363470414337328,
		"rfpop": 0.2934673366834171,
		"segneigh": 0.9460215651119921,
		"wbs": 0.5115577889447236
	},
	"jfk_passengers": {
		"amoc": 0.8439883836604652,
		"binseg": 0.8392664497512488,
		"bocpd": 0.8369225621126587,
		"bocpdms": 0.8552508740357858,
		"cpnp": 0.5826440963054236,
		"ecp": 0.8074758668470059,
		"kcpa": 0.5630806391675957,
		"pelt": 0.8392664497512488,
		"prophet": 0.3729405346426623,
		"rbocpdms": null,
		"rfpop": 0.3925633037782571,
		"segneigh": 0.8392664497512488,
		"wbs": 0.5139308251457784
	},
	"lga_passengers": {
		"amoc": 0.4338709848416259,
		"binseg": 0.5410006131027342,
		"bocpd": 0.5473539941852361,
		"bocpdms": 0.47522704763006696,
		"cpnp": 0.4781619967961882,
		"ecp": 0.6533513523016283,
		"kcpa": 0.5362034472385672,
		"pelt": 0.5344857489415489,
		"prophet": 0.44631477489239846,
		"rbocpdms": null,
		"rfpop": 0.4262999539839297,
		"segneigh": 0.5433669095513529,
		"wbs": 0.5011004228024014
	},
	"measles": {
		"amoc": 0.9511852891971232,
		"binseg": 0.9511852891971232,
		"bocpd": 0.9511852891971232,
		"bocpdms": 0.9498108754348544,
		"cpnp": 0.09848637739656911,
		"ecp": 0.10474268415741675,
		"kcpa": 0.40040993945509584,
		"pelt": 0.23159233097880927,
		"prophet": 0.616091630627829,
		"rbocpdms": null,
		"rfpop": 0.04641775983854692,
		"segneigh": 0.9511852891971232,
		"wbs": 0.08355196770938446
	},
	"nile": {
		"amoc": 0.8879999999999999,