{
	"amoc": 0.7989121074618578,
	"binseg": 0.8559005454405391,
	"bocpd": 0.8796748379866468,
	"bocpdms": 0.6203284167541796,
	"cpnp": 0.6659800464352401,
	"ecp": 0.7965989034220683,
	"kcpa": 0.6831674110255809,
	"pelt": 0.787210573431827,
	"prophet": 0.5343546652863759,
	"rfpop": 0.5309415810175405,
	"segneigh": 0.8549018881498379,
	"wbs": 0.5327293979109599,
	"zero": 0.6623749098695177
}
