{
	"bank": {
		"amoc": 1.0,
		"binseg": 1.0,
		"bocpd": 1.0,
		"bocpdms": 0.5,
		"cpnp": 0.05405405405405406,
		"ecp": 0.19999999999999998,
		"kcpa": 0.33333333333333337,
		"pelt": 0.4,
		"prophet": 1.0,
		"rbocpdms": null,
		"rfpop": 0.015151515151515152,
		"segneigh": 1.0,
		"wbs": 0.042553191489361694,
		"zero": 1.0
	},
	"bitcoin": {
		"amoc": 0.5074626865671642,
		"binseg": 0.6387678000581226,
		"bocpd": 0.6303030303030304,
		"bocpdms": 0.4910313901345291,
		"cpnp": 0.4619516562220233,
		"ecp": 0.5074626865671642,
		"kcpa": 0.5842696629213484,
		"pelt": 0.669305724725944,
		"prophet": 0.35394862036156044,
		"rbocpdms": null,
		"rfpop": 0.18628719275549807,
		"segneigh": 0.669305724725944,
		"wbs": 0.4715025906735751,
		"zero": 0.44961240310077516
	},
	"brent_spot": {
		"amoc": 0.4654731457800512,
		"binseg": 0.6086956521739131,
		"bocpd": 0.6086956521739131,
		"bocpdms": 0.23931623931623927,
		"cpnp": 0.555235775957494,
		"ecp": 0.5223880597014926,
		"kcpa": 0.42748091603053434,
		"pelt": 0.5177757520510483,
		"prophet": 0.1732283464566929,
		"rbocpdms": null,
		"rfpop": 0.37873628452516084,
		"segneigh": 0.5177757520510483,
		"wbs": 0.4425363276089828,
		"zero": 0.3146067415730337
	},
	"businv": {
		"amoc": 0.5882352941176471,
		"binseg": 0.5882352941176471,
		"bocpd": 0.5882352941176471,
		"bocpdms": 0.45454545454545453,
		"cpnp": 0.38636363636363635,
		"ecp": 0.3703703703703703,
		"kcpa": 0.2940038684719536,
		"pelt": 0.4903225806451614,
		"prophet": 0.27530364372469635,
		"rbocpdms": 0.3703703703703703,
		"rfpop": 0.18181818181818182,
		"segneigh": 0.5882352941176471,
		"wbs": 0.23920265780730898,
		"zero": 0.5882352941176471
	},
	"centralia": {
		"amoc": 0.7628865979381444,
		"binseg": 0.7628865979381444,
		"bocpd": 0.7628865979381444,
		"bocpdms": 0.5945945945945946,
		"cpnp": 0.7628865979381444,
		"ecp": 0.7628865979381444,
		"kcpa": 0.7628865979381444,
		"pelt": 0.7628865979381444,
		"prophet": 0.7628865979381444,
		"rbocpdms": 0.45833333333333337,
		"rfpop": 0.49350649350649345,
		"segneigh": 0.7628865979381444,
		"wbs": 0.14285714285714288,
		"zero": 0.7628865979381444
	},
	"children_per_woman": {
		"amoc": 0.6784140969162996,
		"binseg": 0.5074626865671642,
		"bocpd": 0.6203208556149732,
		"bocpdms": 0.40476190476190477,
		"cpnp": 0.31017119838872104,
		"ecp": 0.4318181818181818,
		"kcpa": 0.4160401002506266,
		"pelt": 0.5253164556962024,
		"prophet": 0.31017119838872104,
		"rbocpdms": 0.5037037037037037,
		"rfpop": 0.11320754716981131,
		"segneigh": 0.5253164556962024,
		"wbs": 0.2222222222222222,
		"zero": 0.5074626865671642
	},
	"co2_canada": {
		"amoc": 0.5441941074523396,
		"binseg": 0.8555858310626703,
		"bocpd": 0.8925510876730389,
		"bocpdms": 0.47902364607170106,
		"cpnp": 0.6419753086419754,
		"ecp": 0.8746355685131195,
		"kcpa": 0.8194141854272574,
		"pelt": 0.6613545816733067,
		"prophet": 0.48212083847102344,
		"rbocpdms": 0.5418933623503808,
		"rfpop": 0.4065792855307119,
		"segneigh": 0.8717259905977165,
		"wbs": 0.5472837022132797,
		"zero": 0.36097560975609755
	},
	"construction": {
		"amoc": 0.6956521739130436,
		"binseg": 0.6956521739130436,
		"bocpd": 0.6956521739130436,
		"bocpdms": 0.4102564102564102,
		"cpnp": 0.42975206611570255,
		"ecp": 0.5473684210526316,
		"kcpa": 0.48148148148148145,
		"pelt": 0.5473684210526316,
		"prophet": 0.32432432432432434,
		"rbocpdms": 0.3404255319148936,
		"rfpop": 0.13570274636510501,
		"segneigh": 0.6956521739130436,
		"wbs": 0.42211055276381904,
		"zero": 0.6956521739130436
	},
	"debt_ireland": {
		"amoc": 0.7603305785123966,
		"binseg": 0.7603305785123966,
		"bocpd": 0.9583333333333333,
		"bocpdms": 0.7384615384615384,
		"cpnp": 0.9583333333333333,
		"ecp": 0.9583333333333333,
		"kcpa": 0.8421052631578947,
		"pelt": 0.9583333333333333,
		"prophet": 0.4693877551020408,
		"rbocpdms": 0.7483296213808462,
		"rfpop": 0.4615384615384615,
		"segneigh": 0.9583333333333333,
		"wbs": 0.2727272727272727,
		"zero": 0.4693877551020408
	},
	"gdp_argentina": {
		"amoc": 0.888888888888889,
		"binseg": 0.9473684210526316,
		"bocpd": 0.9473684210526316,
		"bocpdms": 0.5833333333333333,
		"cpnp": 0.8181818181818182,
		"ecp": 0.888888888888889,
		"kcpa": 0.8,
		"pelt": 0.9473684210526316,
		"prophet": 0.6153846153846153,
		"rbocpdms": 0.45161290322580644,
		"rfpop": 0.6153846153846153,
		"segneigh": 0.9473684210526316,
		"wbs": 0.4210526315789474,
		"zero": 0.8235294117647058
	},
	"gdp_croatia": {
		"amoc": 1.0,
		"binseg": 0.8235294117647058,
		"bocpd": 1.0,
		"bocpdms": 0.5833333333333333,
		"cpnp": 1.0,
		"ecp": 0.8235294117647058,
		"kcpa": 0.5833333333333333,
		"pelt": 0.8235294117647058,
		"prophet": 0.8235294117647058,
		"rbocpdms": 0.8235294117647058,
		"rfpop": 0.4,
		"segneigh": 0.8235294117647058,
		"wbs": 0.16666666666666669,
		"zero": 0.8235294117647058
	},
	"gdp_iran": {
		"amoc": 0.651685393258427,
		"binseg": 0.651685393258427,
		"bocpd": 0.7304347826086957,
		"bocpdms": 0.4915254237288136,
		"cpnp": 0.3828125,
		"ecp": 0.651685393258427,
		"kcpa": 0.47342995169082125,
		"pelt": 0.5369863013698629,
		"prophet": 0.651685393258427,
		"rbocpdms": 0.5384615384615384,
		"rfpop": 0.33333333333333337,
		"segneigh": 0.651685393258427,
		"wbs": 0.3493761140819964,
		"zero": 0.651685393258427
	},
	"gdp_japan": {
		"amoc": 1.0,
		"binseg": 0.888888888888889,
		"bocpd": 1.0,
		"bocpdms": 0.6153846153846154,
		"cpnp": 0.6666666666666666,
		"ecp": 1.0,
		"kcpa": 0.5,
		"pelt": 0.888888888888889,
		"prophet": 0.888888888888889,
		"rbocpdms": 0.888888888888889,
		"rfpop": 0.2222222222222222,
		"segneigh": 0.888888888888889,
		"wbs": 0.2222222222222222,
		"zero": 0.888888888888889
	},
	"global_co2": {
		"amoc": 0.8461538461538461,
		"binseg": 0.8461538461538461,
		"bocpd": 0.8461538461538461,
		"bocpdms": 0.45833333333333337,
		"cpnp": 0.2857142857142857,
		"ecp": 0.5945945945945946,
		"kcpa": 0.5945945945945946,
		"pelt": 0.6341463414634146,
		"prophet": 0.14213197969543145,
		"rbocpdms": 0.45833333333333337,
		"rfpop": 0.11016949152542373,
		"segneigh": 0.8461538461538461,
		"wbs": 0.05555555555555556,
		"zero": 0.8461538461538461
	},
	"homeruns": {
		"amoc": 0.659217877094972,
		"binseg": 0.659217877094972,
		"bocpd": 0.659217877094972,
		"bocpdms": 0.3973063973063973,
		"cpnp": 0.3010309278350516,
		"ecp": 0.5774647887323944,
		"kcpa": 0.3695652173913044,
		"pelt": 0.5774647887323944,
		"prophet": 0.21822033898305085,
		"rbocpdms": 0.3973063973063973,
		"rfpop": 0.14107883817427386,
		"segneigh": 0.659217877094972,
		"wbs": 0.1642512077294686,
		"zero": 0.659217877094972
	},
	"iceland_tourism": {
		"amoc": 0.9473684210526316,
		"binseg": 0.9473684210526316,
		"bocpd": 0.9473684210526316,
		"bocpdms": 0.48648648648648646,
		"cpnp": 0.391304347826087,
		"ecp": 0.6666666666666666,
		"kcpa": 0.48648648648648646,
		"pelt": 0.6428571428571429,
		"prophet": 0.21951219512195125,
		"rbocpdms": 0.48648648648648646,
		"rfpop": 0.10526315789473684,
		"segneigh": 0.9473684210526316,
		"wbs": 0.10526315789473684,
		"zero": 0.9473684210526316
	},
	"jfk_passengers": {
		"amoc": 0.723404255319149,
		"binseg": 0.723404255319149,
		"bocpd": 0.723404255319149,
		"bocpdms": 0.43678160919540227,
		"cpnp": 0.4297520661157025,
		"ecp": 0.53125,
		"kcpa": 0.2638888888888889,
		"pelt": 0.5588235294117647,
		"prophet": 0.35374149659863946,
		"rbocpdms": null,
		"rfpop": 0.2828282828282828,
		"segneigh": 0.723404255319149,
		"wbs": 0.2638888888888889,
		"zero": 0.723404255319149
	},
	"lga_passengers": {
		"amoc": 0.5347985347985348,
		"binseg": 0.5347985347985348,
		"bocpd": 0.5347985347985348,
		"bocpdms": 0.4559139784946237,
		"cpnp": 0.33526850507982586,
		"ecp": 0.6453900709219857,
		"kcpa": 0.4165103189493433,
		"pelt": 0.34844868735083534,
		"prophet": 0.36568848758465017,
		"rbocpdms": null,
		"rfpop": 0.3552433517310587,
		"segneigh": 0.5347985347985348,
		"wbs": 0.35238470634607805,
		"zero": 0.5347985347985348
	},
	"measles": {
		"amoc": 0.9473684210526316,
		"binseg": 0.9473684210526316,