{
	"apple": {
		"amoc": null,
		"binseg": null,
		"bocpd": 0.9156626506024097,
		"bocpdms": 0.44468546637744033,
		"cpnp": null,
		"ecp": 0.7450980392156863,
		"kcpa": 0.6341463414634148,
		"pelt": null,
		"prophet": null,
		"rbocpdms": null,
		"rfpop": null,
		"segneigh": null,
		"wbs": null,
		"zero": 0.59375
	},
	"bee_waggle_6": {
		"amoc": null,
		"binseg": null,
		"bocpd": 0.9285714285714287,
		"bocpdms": 0.48148148148148145,
		"cpnp": null,
		"ecp": 0.2333333333333333,
		"kcpa": 0.6341463414634148,
		"pelt": null,
		"prophet": null,
		"rbocpdms": 0.24528301886792453,
		"rfpop": null,
		"segneigh": null,
		"wbs": null,
		"zero": 0.9285714285714287
	},
	"occupancy": {
		"amoc": null,
		"binseg": null,
		"bocpd": 0.9185857176087462,
		"bocpdms": 0.7354964749851355,
		"cpnp": null,
		"ecp": 0.9322381930184805,
		"kcpa": 0.8118309859154931,
		"pelt": null,
		"prophet": null,
		"rbocpdms": null,
		"rfpop": null,
		"segneigh": null,
		"wbs": null,
		"zero": 0.34077855775366944
	},
	"run_log": {
		"amoc": null,
		"binseg": null,
		"bocpd": 1.0,
		"bocpdms": 0.4693877551020408,
		"cpnp": null,
		"ecp": 0.9898989898989901,
		"kcpa": 0.9090909090909091,
		"pelt": null,
		"prophet": null,
		"rbocpdms": 0.3801652892561983,
		"rfpop": null,
		"segneigh": null,
		"wbs": null,
		"zero": 0.4455958549222798
	}
}
