{
	"amoc": 0.7016046192329134,
	"binseg": 0.70579896408019,
	"bocpd": 0.6360185829021707,
	"bocpdms": 0.6333512497117655,
	"cpnp": 0.5353405166075144,
	"ecp": 0.5227479496889799,
	"kcpa": 0.06195496367295864,
	"pelt": 0.6887982763875489,
	"prophet": 0.5398692159926471,
	"rbocpdms": 0.6286231930391138,
	"rfpop": 0.3924266117800921,
	"segneigh": 0.6764096097701927,
	"wbs": 0.33020552818738097,
	"zero": 0.5827265439457162
}
