{
	"apple": {
		"amoc": null,
		"binseg": null,
		"bocpd": 0.3653462772339612,
		"bocpdms": 0.2977800585668351,
		"cpnp": null,
		"ecp": 0.3049860083075221,
		"kcpa": 0.00707395498392283,
		"pelt": null,
		"prophet": null,
		"rbocpdms": 0.42393874666441655,
		"rfpop": null,
		"segneigh": null,
		"wbs": null,
		"zero": 0.4246265030345013
	},
	"bee_waggle_6": {
		"amoc": null,
		"binseg": null,
		"bocpd": 0.08938647559337216,
		"bocpdms": 0.8872558038885254,
		"cpnp": null,
		"ecp": 0.11625615763546797,
		"kcpa": 0.003940886699507389,
		"pelt": null,
		"prophet": null,
		"rbocpdms": 0.27733495688096543,
		"rfpop": null,
		"segneigh": null,
		"wbs": null,
		"zero": 0.8911284212456287
	},
	"occupancy": {
		"amoc": null,
		"binseg": null,
		"bocpd": 0.5490006857012464,
		"bocpdms": 0.45885921215510733,
		"cpnp": null,
		"ecp": 0.5304111026992682,
		"kcpa": 0.049901768172888016,
		"pelt": null,
		"prophet": null,
		"rbocpdms": 0.4668735183377498,
		"rfpop": null,
		"segneigh": null,
		"wbs": null,
		"zero": 0.23562129218275363
	},
	"run_log": {
		"amoc": null,
		"binseg": null,
		"bocpd": 0.8153563279337671,
		"bocpdms": 0.30183224229794325,
		"cpnp": null,
		"ecp": 0.6567594752969262,
		"kcpa": 0.12819148936170213,
		"pelt": null,
		"prophet": null,
		"rbocpdms": 0.43853126552866445,
		"rfpop": null,
		"segneigh": null,
		"wbs": null,
		"zero": 0.3035168628338615
	}
}
