{
	"amoc": 0.6640790939070127,
	"binseg": 0.6801451061962296,
	"bocpd": 0.6109178945811512,
	"bocpdms": 0.47562708146270294,
	"cpnp": 0.5340133123860371,
	"ecp": 0.5514092429795647,
	"kcpa": 0.05681409056362388,
	"pelt": 0.6527961379171128,
	"prophet": 0.45594342708633,
	"rbocpdms": 0.4179119126195535,
	"rfpop": 0.3720949663003199,
	"segneigh": 0.6255775512246301,
	"wbs": 0.29950025277506126
}
