{
	"amoc": 0.7037111707491961,
	"binseg": 0.7443997777983046,
	"bocpd": 0.689621795393962,
	"bocpdms": 0.5071366573221537,
	"cpnp": 0.6066944015983982,
	"ecp": 0.5977104072816342,
	"kcpa": 0.11100654565605475,
	"pelt": 0.7099924057983469,
	"prophet": 0.4877416710107917,
	"rbocpdms": 0.4467137286594308,
	"rfpop": 0.4994526602666444,
	"segneigh": 0.6755447125972692,
	"wbs": 0.41170625433415853,
	"zero": 0.6689673850347647
}
