{
	"apple": {
		"amoc": null,
		"binseg": null,
		"bocpd": 0.5131414267834794,
		"bocpdms": 0.3175832687838885,
		"cpnp": null,
		"ecp": 0.5131414267834794,
		"kcpa": 0.02857142857142857,
		"pelt": null,
		"prophet": null,
		"rbocpdms": 0.37254901960784315,
		"rfpop": null,
		"segneigh": null,
		"wbs": null,
		"zero": 0.59375
	},
	"bee_waggle_6": {
		"amoc": null,
		"binseg": null,
		"bocpd": 0.12068965517241377,
		"bocpdms": 0.48148148148148145,
		"cpnp": null,
		"ecp": 0.12380952380952381,
		"kcpa": 0.009836065573770493,
		"pelt": null,
		"prophet": null,
		"rbocpdms": 0.2184873949579832,
		"rfpop": null,
		"segneigh": null,
		"wbs": null,
		"zero": 0.9285714285714287
	},
	"occupancy": {
		"amoc": null,
		"binseg": null,
		"bocpd": 0.8074418604651163,
		"bocpdms": 0.4960063170042822,
		"cpnp": null,
		"ecp": 0.7497194163860831,
		"kcpa": 0.10672853828306264,
		"pelt": null,
		"prophet": null,
		"rbocpdms": 0.28980490874764003,
		"rfpop": null,
		"segneigh": null,
		"wbs": null,
		"zero": 0.34077855775366944
	},
	"run_log": {
		"amoc": null,
		"binseg": null,
		"bocpd": 1.0,
		"bocpdms": 0.4200913242009132,
		"cpnp": null,
		"ecp": 0.7919588592800375,
		"kcpa": 0.13924050632911392,
		"pelt": null,
		"prophet": null,
		"rbocpdms": 0.5428194993412385,
		"rfpop": null,
		"segneigh": null,
		"wbs": null,
		"zero": 0.4455958549222798
	}
}
