{
	"bank": {
		"amoc": 0.6666666666666666,
		"binseg": 0.4,
		"bocpd": 0.046511627906976744,
		"bocpdms": 0.11764705882352941,
		"cpnp": 0.044444444444444446,
		"ecp": 0.15384615384615385,
		"kcpa": 0.0076045627376425855,
		"pelt": 0.4,
		"prophet": 0.15384615384615385,
		"rbocpdms": 0.33333333333333337,
		"rfpop": 0.015151515151515152,
		"segneigh": 0.33333333333333337,
		"wbs": 0.0392156862745098
	},
	"bitcoin": {
		"amoc": 0.36708860759493667,
		"binseg": 0.27786259541984737,
		"bocpd": 0.549618320610687,
		"bocpdms": 0.2685185185185185,
		"cpnp": 0.4020797227036395,
		"ecp": 0.28509719222462204,
		"kcpa": 0.04419889502762431,
		"pelt": 0.473469387755102,
		"prophet": 0.35394862036156044,
		"rbocpdms": null,
		"rfpop": 0.18628719275549807,
		"segneigh": 0.473469387755102,
		"wbs": 0.27906976744186046
	},
	"brent_spot": {
		"amoc": 0.27184466019417475,
		"binseg": 0.4163424124513619,
		"bocpd": 0.38656126482213443,
		"bocpdms": 0.23931623931623927,
		"cpnp": 0.555235775957494,
		"ecp": 0.417910447761194,
		"kcpa": 0.047619047619047616,
		"pelt": 0.40239043824701193,
		"prophet": 0.1732283464566929,
		"rbocpdms": 0.3212669683257919,
		"rfpop": 0.37529530880863987,
		"segneigh": 0.3656108597285068,
		"wbs": 0.35433628318584076
	},
	"businv": {
		"amoc": 0.45454545454545453,
		"binseg": 0.3703703703703703,
		"bocpd": 0.27027027027027023,
		"bocpdms": 0.3703703703703703,
		"cpnp": 0.30400000000000005,
		"ecp": 0.1794871794871795,
		"kcpa": 0.024024024024024027,
		"pelt": 0.3703703703703703,
		"prophet": 0.27530364372469635,
		"rbocpdms": 0.3125,
		"rfpop": 0.1702127659574468,
		"segneigh": 0.3125,
		"wbs": 0.18848167539267016
	},
	"centralia": {
		"amoc": 0.7628865979381444,
		"binseg": 0.625,
		"bocpd": 0.625,
		"bocpdms": 0.5945945945945946,
		"cpnp": 0.625,
		"ecp": 0.7628865979381444,
		"kcpa": 0.19999999999999998,
		"pelt": 0.625,
		"prophet": 0.7628865979381444,
		"rbocpdms": 0.45833333333333337,
		"rfpop": 0.4,
		"segneigh": 0.625,
		"wbs": 0.14285714285714288
	},
	"children_per_woman": {
		"amoc": 0.47183098591549294,
		"binseg": 0.47183098591549294,
		"bocpd": 0.5253164556962024,
		"bocpdms": 0.3366336633663366,
		"cpnp": 0.2076502732240437,
		"ecp": 0.21647819063004847,
		"kcpa": 0.026200873362445417,
		"pelt": 0.47183098591549294,
		"prophet": 0.31017119838872104,
		"rbocpdms": 0.288135593220339,
		"rfpop": 0.11320754716981131,
		"segneigh": 0.3366336633663366,
		"wbs": 0.1111111111111111
	},
	"co2_canada": {
		"amoc": 0.5441941074523396,
		"binseg": 0.6905689789555729,
		"bocpd": 0.6192917054986021,
		"bocpdms": 0.26523297491039427,
		"cpnp": 0.5784832451499119,
		"ecp": 0.8169458606457879,
		"kcpa": 0.10738255033557045,
		"pelt": 0.6613545816733067,
		"prophet": 0.48212083847102344,
		"rbocpdms": 0.38053097345132747,
		"rfpop": 0.4065792855307119,
		"segneigh": 0.6613545816733067,
		"wbs": 0.35555555555555557
	},
	"construction": {
		"amoc": 0.5161290322580646,
		"binseg": 0.5473684210526316,
		"bocpd": 0.48148148148148145,
		"bocpdms": 0.4102564102564102,
		"cpnp": 0.358974358974359,
		"ecp": 0.42975206611570255,
		"kcpa": 0.01923076923076923,
		"pelt": 0.5473684210526316,
		"prophet": 0.32432432432432434,
		"rbocpdms": 0.48,
		"rfpop": 0.11538461538461538,
		"segneigh": 0.5473684210526316,
		"wbs": 0.247787610619469
	},
	"debt_ireland": {
		"amoc": 0.4693877551020408,
		"binseg": 0.7603305785123966,
		"bocpd": 0.7603305785123966,
		"bocpdms": 0.611111111111111,
		"cpnp": 0.7603305785123966,
		"ecp": 0.4693877551020408,
		"kcpa": 0.2608695652173913,
		"pelt": 0.7603305785123966,
		"prophet": 0.4693877551020408,
		"rbocpdms": 0.5301204819277109,
		"rfpop": 0.4615384615384615,
		"segneigh": 0.7603305785123966,
		"wbs": 0.2727272727272727
	},
	"gdp_argentina": {
		"amoc": 0.888888888888889,
		"binseg": 0.888888888888889,
		"bocpd": 0.9473684210526316,
		"bocpdms": 0.5833333333333333,
		"cpnp": 0.8181818181818182,
		"ecp": 0.8235294117647058,
		"kcpa": 0.13114754098360656,
		"pelt": 0.888888888888889,
		"prophet": 0.6153846153846153,
		"rbocpdms": 0.45161290322580644,
		"rfpop": 0.5714285714285715,
		"segneigh": 0.9473684210526316,
		"wbs": 0.14814814814814814
	},
	"gdp_croatia": {
		"amoc": 0.5833333333333333,
		"binseg": 0.5833333333333333,
		"bocpd": 1.0,
		"bocpdms": 0.5833333333333333,
		"cpnp": 1.0,
		"ecp": 0.8235294117647058,
		"kcpa": 0.16,
		"pelt": 0.5833333333333333,
		"prophet": 0.8235294117647058,
		"rbocpdms": 0.45161290322580644,
		"rfpop": 0.4,
		"segneigh": 0.5833333333333333,
		"wbs": 0.16666666666666669
	},
	"gdp_iran": {
		"amoc": 0.4915254237288136,
		"binseg": 0.4915254237288136,
		"bocpd": 0.4242424242424242,
		"bocpdms": 0.4915254237288136,
		"cpnp": 0.3295454545454546,
		"ecp": 0.651685393258427,
		"kcpa": 0.1,
		"pelt": 0.4915254237288136,
		"prophet": 0.651685393258427,
		"rbocpdms": 0.39455782312925175,
		"rfpop": 0.3157894736842105,
		"segneigh": 0.39455782312925175,
		"wbs": 0.11320754716981131
	},
	"gdp_japan": {
		"amoc": 0.6153846153846154,
		"binseg": 0.6153846153846154,
		"bocpd": 0.8,
		"bocpdms": 0.47058823529411764,
		"cpnp": 0.6666666666666666,
		"ecp": 0.888888888888889,
		"kcpa": 0.06779661016949151,
		"pelt": 0.6153846153846154,
		"prophet": 0.888888888888889,
		"rbocpdms": 0.6666666666666666,
		"rfpop": 0.1904761904761905,
		"segneigh": 0.6153846153846154,
		"wbs": 0.07692307692307693
	},
	"global_co2": {
		"amoc": 0.6341463414634146,
		"binseg": 0.6341463414634146,
		"bocpd": 0.48148148148148145,
		"bocpdms": 0.45833333333333337,
		"cpnp": 0.2424242424242424,
		"ecp": 0.48148148148148145,
		"kcpa": 0.03571428571428572,
		"pelt": 0.48148148148148145,
		"prophet": 0.14213197969543145,
		"rbocpdms": 0.45833333333333337,
		"rfpop": 0.11016949152542373,
		"segneigh": 0.48148148148148145,
		"wbs": 0.038461538461538464
	},
	"homeruns": {
		"amoc": 0.5774647887323944,
		"binseg": 0.5774647887323944,
		"bocpd": 0.3695652173913044,
		"bocpdms": 0.3557692307692308,
		"cpnp": 0.3010309278350516,
		"ecp": 0.44808743169398907,
		"kcpa": 0.017699115044247787,
		"pelt": 0.5774647887323944,
		"prophet": 0.21822033898305085,
		"rbocpdms": 0.33695652173913043,
		"rfpop": 0.13310580204778158,
		"segneigh": 0.3973063973063973,
		"wbs": 0.1
	},
	"iceland_tourism": {
		"amoc": 0.6428571428571429,
		"binseg": 0.6428571428571429,
		"bocpd": 0.48648648648648646,
		"bocpdms": 0.391304347826087,
		"cpnp": 0.391304347826087,
		"ecp": 0.391304347826087,
		"kcpa": 0.010471204188481674,
		"pelt": 0.6428571428571429,
		"prophet": 0.21951219512195125,
		"rbocpdms": 0.4,
		"rfpop": 0.10526315789473684,
		"segneigh": 0.48648648648648646,
		"wbs": 0.10526315789473684
	},
	"jfk_passengers": {
		"amoc": 0.5588235294117647,
		"binseg": 0.5588235294117647,
		"bocpd": 0.2638888888888889,
		"bocpdms": 0.3584905660377358,
		"cpnp": 0.4297520661157025,
		"ecp": 0.2638888888888889,
		"kcpa": 0.008602150537634409,
		"pelt": 0.5588235294117647,
		"prophet": 0.35374149659863946,
		"rbocpdms": 0.3469387755102041,
		"rfpop": 0.18918918918918917,
		"segneigh": 0.43678160919540227,
		"wbs": 0.2638888888888889
	},
	"lga_passengers": {
		"amoc": 0.42196531791907516,
		"binseg": 0.3046875,
		"bocpd": 0.39928539526574364,
		"bocpdms": 0.2967479674796748,
		"cpnp": 0.26359832635983266,
		"ecp": 0.39173320807891027,
		"kcpa": 0.021276595744680854,
		"pelt": 0.3046875,
		"prophet": 0.36568848758465017,
		"rbocpdms": 0.34844868735083534,
		"rfpop": 0.26205331820760064,
		"segneigh": 0.26440677966101694,
		"wbs": 0.24531170805879374
	},
	"measles": {
		"amoc": 0.9473684210526316,
		"binseg": 0.9473684210526316,
		"bocpd": 0.06870229007633587,
		"bocpdms": 0.12413793103448276,
		"cpnp": 0.11764705882352941,
		"ecp": 0.06870229007633587,
		"kcpa": 0.004232804232804234,
		"pelt": 0.12413793103448276,
		"prophet": 0.391304347826087,
		"rbocpdms": 0.11688311688311688,
		"rfpop": 0.03007518796992481,
		"segneigh": 0.32727272727272727,
		"wbs": 0.0391304347826087
	},
	"nile": {
		"amoc": 1.0,
		"binseg": 1.0,
		"bocpd": 1.0,
		"bocpdms": 0.8,
		"cpnp": 1.0,