{
	"bocpd": 0.4547724416155867,
	"bocpdms": 0.4864318292271028,
	"ecp": 0.4021031859847961,
	"kcpa": 0.04727702480450509,
	"rbocpdms": 0.401669621852949,
	"zero": 0.4637232698241863
}
