{
	"bank": {
		"amoc": 0.9672977624784854,
		"binseg": 0.5094664371772806,
		"bocpd": 0.04819277108433735,
		"bocpdms": 0.18760757314974183,
		"cpnp": 0.05335628227194492,
		"ecp": 0.12736660929432014,
		"kcpa": 0.03614457831325301,
		"pelt": 0.5094664371772806,
		"prophet": 0.3614457831325301,
		"rbocpdms": 0.6437177280550774,
		"rfpop": 0.03614457831325301,
		"segneigh": 0.5094664371772806,
		"wbs": 0.04819277108433735
	},
	"bitcoin": {
		"amoc": 0.7640203902798164,
		"binseg": 0.7544258508359084,
		"bocpd": 0.7174028374922321,
		"bocpdms": 0.7484353268330299,
		"cpnp": 0.364280150953304,
		"ecp": 0.20885794106721417,
		"kcpa": 0.04599483204134367,
		"pelt": 0.7578205983414553,
		"prophet": 0.7226106485390158,
		"rbocpdms": null,
		"rfpop": 0.16794573643410854,
		"segneigh": 0.7578205983414553,
		"wbs": 0.30427371278062215
	},
	"brent_spot": {
		"amoc": 0.4230248210766188,
		"binseg": 0.6267941377908149,
		"bocpd": 0.585854076490483,
		"bocpdms": 0.26496351807228913,
		"cpnp": 0.41051465300377926,
		"ecp": 0.38718488019743286,
		"kcpa": 0.0216,
		"pelt": 0.6266446013415417,
		"prophet": 0.5267413957201191,
		"rbocpdms": 0.5037745159441209,
		"rfpop": 0.2245109918238161,
		"segneigh": 0.6302231408438572,
		"wbs": 0.2423388612346077
	},
	"businv": {
		"amoc": 0.5735800041718168,
		"binseg": 0.5616385346323081,
		"bocpd": 0.4631013127482154,
		"bocpdms": 0.45893761338439826,
		"cpnp": 0.40166105499438826,
		"ecp": 0.31083636363636363,
		"kcpa": 0.012727272727272726,
		"pelt": 0.6027521396099411,
		"prophet": 0.4783734228003002,
		"rbocpdms": 0.5594393757648455,
		"rfpop": 0.1227128427128427,
		"segneigh": 0.4939817887561099,
		"wbs": 0.10775757575757576
	},
	"centralia": {
		"amoc": 0.6746666666666667,
		"binseg": 0.5635978835978837,
		"bocpd": 0.6119047619047618,
		"bocpdms": 0.6502564102564102,
		"cpnp": 0.5635978835978837,
		"ecp": 0.6746666666666667,
		"kcpa": 0.43999999999999995,
		"pelt": 0.5635978835978837,
		"prophet": 0.6746666666666667,
		"rbocpdms": 0.6235897435897436,
		"rfpop": 0.5283549783549784,
		"segneigh": 0.5635978835978837,
		"wbs": 0.2533333333333333
	},
	"children_per_woman": {
		"amoc": 0.7982556272643626,
		"binseg": 0.7982556272643626,
		"bocpd": 0.7582579069741131,
		"bocpdms": 0.4271879654329124,
		"cpnp": 0.48580005249759645,
		"ecp": 0.3968627705740555,
		"kcpa": 0.04784053156146179,
		"pelt": 0.7982556272643626,
		"prophet": 0.5208010335917312,
		"rbocpdms": 0.7450730329440133,
		"rfpop": 0.15409241920869826,
		"segneigh": 0.7706794496729777,
		"wbs": 0.18586194167589518
	},
	"co2_canada": {
		"amoc": 0.5267191888742934,
		"binseg": 0.6080954444081101,
		"bocpd": 0.7164045125495759,
		"bocpdms": 0.2756034603148003,
		"cpnp": 0.5138392829826833,
		"ecp": 0.6390167755301315,
		"kcpa": 0.2632558139534884,
		"pelt": 0.6114412387983277,
		"prophet": 0.5403284429922908,
		"rbocpdms": 0.4318949994064788,
		"rfpop": 0.4966352996448755,
		"segneigh": 0.6116861151339248,
		"wbs": 0.4798062015503876
	},
	"construction": {
		"amoc": 0.5252008018620421,
		"binseg": 0.4662169703155342,
		"bocpd": 0.39527377713373163,
		"bocpdms": 0.5712959390806137,
		"cpnp": 0.33351340395632906,
		"ecp": 0.3523063143752799,
		"kcpa": 0.016300940438871474,
		"pelt": 0.4227346947723124,
		"prophet": 0.5016674561314804,
		"rbocpdms": 0.5814556430390202,
		"rfpop": 0.09153605015673981,
		"segneigh": 0.4227346947723124,
		"wbs": 0.19799813012154208
	},
	"debt_ireland": {
		"amoc": 0.32063492063492066,
		"binseg": 0.6346153846153847,
		"bocpd": 0.5844642130356416,
		"bocpdms": 0.3124239169351951,
		"cpnp": 0.6346153846153847,
		"ecp": 0.32063492063492066,
		"kcpa": 0.2095238095238095,
		"pelt": 0.6346153846153847,
		"prophet": 0.32063492063492066,
		"rbocpdms": 0.3060747105859888,
		"rfpop": 0.4888888888888888,
		"segneigh": 0.6346153846153847,
		"wbs": 0.24761904761904757
	},
	"gdp_argentina": {
		"amoc": 0.6674763588023808,
		"binseg": 0.6674763588023808,
		"bocpd": 0.630266891632794,
		"bocpdms": 0.7110348407646522,
		"cpnp": 0.45061040654261,
		"ecp": 0.737087043952887,
		"kcpa": 0.061016949152542375,
		"pelt": 0.6674763588023808,
		"prophet": 0.5337321369225656,
		"rbocpdms": 0.7110348407646522,
		"rfpop": 0.33232445520581116,
		"segneigh": 0.6307126868635891,
		"wbs": 0.06779661016949154
	},
	"gdp_croatia": {
		"amoc": 0.6053921568627451,
		"binseg": 0.6053921568627451,
		"bocpd": 0.6416666666666666,
		"bocpdms": 0.6553030303030303,
		"cpnp": 0.6416666666666666,
		"ecp": 0.7083333333333333,
		"kcpa": 0.10833333333333332,
		"pelt": 0.6053921568627451,
		"prophet": 0.7083333333333333,
		"rbocpdms": 0.6553030303030303,
		"rfpop": 0.35303030303030297,
		"segneigh": 0.6053921568627451,
		"wbs": 0.10833333333333332
	},
	"gdp_iran": {
		"amoc": 0.4840462863606043,
		"binseg": 0.4773172527036974,
		"bocpd": 0.5201802507836991,
		"bocpdms": 0.5796203499235604,
		"cpnp": 0.4480768764104928,
		"ecp": 0.582639714625446,
		"kcpa": 0.06206896551724138,
		"pelt": 0.4773172527036974,
		"prophet": 0.582639714625446,
		"rbocpdms": 0.5796203499235604,
		"rfpop": 0.2482758620689655,
		"segneigh": 0.5026016676262982,
		"wbs": 0.06551724137931034
	},
	"gdp_japan": {
		"amoc": 0.6538916256157635,
		"binseg": 0.6538916256157635,
		"bocpd": 0.5780023781212842,
		"bocpdms": 0.6438871473354231,
		"cpnp": 0.5219667943805875,
		"ecp": 0.802140309155767,
		"kcpa": 0.041379310344827586,
		"pelt": 0.6538916256157635,
		"prophet": 0.802140309155767,
		"rbocpdms": 0.6450574712643679,
		"rfpop": 0.2689655172413793,
		"segneigh": 0.6538916256157635,
		"wbs": 0.04827586206896552
	},
	"global_co2": {
		"amoc": 0.7431332769794309,
		"binseg": 0.748224852071006,
		"bocpd": 0.639607836659178,
		"bocpdms": 0.7381814253910598,
		"cpnp": 0.3134615384615385,
		"ecp": 0.5348642935079105,
		"kcpa": 0.17307692307692307,
		"pelt": 0.6376856527413208,
		"prophet": 0.28393162393162397,
		"rbocpdms": 0.7448794088641374,
		"rfpop": 0.368040293040293,
		"segneigh": 0.6336752136752136,
		"wbs": 0.18653846153846151
	},
	"homeruns": {
		"amoc": 0.6826141913243321,
		"binseg": 0.6826141913243321,
		"bocpd": 0.5259784072813735,
		"bocpdms": 0.6774418562494335,
		"cpnp": 0.5164826109131125,
		"ecp": 0.6113142126745639,
		"kcpa": 0.04745762711864407,
		"pelt": 0.6826141913243321,
		"prophet": 0.5738804395274011,
		"rbocpdms": 0.5536775196784558,
		"rfpop": 0.3544799362595973,
		"segneigh": 0.5897930346729432,
		"wbs": 0.312395749260156
	},
	"iceland_tourism": {
		"amoc": 0.7638979209774363,
		"binseg": 0.7638979209774363,
		"bocpd": 0.5949219783126157,
		"bocpdms": 0.6163806043203028,
		"cpnp": 0.3831722716144827,
		"ecp": 0.382391959798995,
		"kcpa": 0.017085427135678392,
		"pelt": 0.7638979209774363,
		"prophet": 0.4532663316582914,
		"rbocpdms": 0.855306837216385,
		"rfpop": 0.2934673366834171,
		"segneigh": 0.64950392990594,
		"wbs": 0.5115577889447236
	},
	"jfk_passengers": {
		"amoc": 0.8392664497512488,
		"binseg": 0.8392664497512488,
		"bocpd": 0.5411780007432182,
		"bocpdms": 0.8308747092562954,
		"cpnp": 0.5606466492242806,
		"ecp": 0.43795355587808416,
		"kcpa": 0.008119658119658119,
		"pelt": 0.8392664497512488,
		"prophet": 0.3729405346426623,
		"rbocpdms": 0.6280613288076384,
		"rfpop": 0.2635392267878656,
		"segneigh": 0.7912402844476574,
		"wbs": 0.4092299704449237
	},
	"lga_passengers": {
		"amoc": 0.42658426556475987,
		"binseg": 0.45828866764869847,
		"bocpd": 0.4961704215860225,
		"bocpdms": 0.44412468142983935,
		"cpnp": 0.47303057417249883,
		"ecp": 0.38583381621517215,
		"kcpa": 0.013247863247863248,
		"pelt": 0.4744170110960888,
		"prophet": 0.4338983684863903,
		"rbocpdms": 0.3820562749389645,
		"rfpop": 0.4124458494321508,
		"segneigh": 0.5433669095513529,
		"wbs": 0.4765206846034772
	},
	"measles": {
		"amoc": 0.9511852891971232,
		"binseg": 0.9511852891971232,
		"bocpd": 0.08092835519677094,
		"bocpdms": 0.25484418590847036,
		"cpnp": 0.09848637739656911,
		"ecp": 0.05973763874873865,
		"kcpa": 0.004641775983854692,
		"pelt": 0.21259929973790964,
		"prophet": 0.6034740152322592,