{
	"bocpd": 0.18760009622112495,
	"bocpdms": 0.2863800722335245,
	"ecp": 0.23828457433188238,
	"kcpa": 0.009455518272524471,
	"rbocpdms": 0.24971838871416588,
	"zero": 0.5771739603118445
}
