{
	"bocpd": 0.6103182356052523,
	"bocpdms": 0.42879059786764134,
	"ecp": 0.544657306564781,
	"kcpa": 0.0710941346893439,
	"rbocpdms": 0.35591520566367624,
	"zero": 0.5771739603118445
}
