{
	"apple": {
		"amoc": null,
		"binseg": null,
		"bocpd": 0.5131414267834794,
		"bocpdms": 0.3818181818181818,
		"cpnp": null,
		"ecp": 0.5131414267834794,
		"kcpa": 0.02857142857142857,
		"pelt": null,
		"prophet": null,
		"rbocpdms": 0.2389937106918239,
		"rfpop": null,
		"segneigh": null,
		"wbs": null,
		"zero": 0.59375
	},
	"bank": {
		"amoc": 0.6666666666666666,
		"binseg": 0.4,
		"bocpd": 0.046511627906976744,
		"bocpdms": 0.11764705882352941,
		"cpnp": 0.044444444444444446,
		"ecp": 0.15384615384615385,
		"kcpa": 0.0076045627376425855,
		"pelt": 0.4,
		"prophet": 0.15384615384615385,
		"rbocpdms": 0.2857142857142857,
		"rfpop": 0.015151515151515152,
		"segneigh": 0.33333333333333337,
		"wbs": 0.0392156862745098,
		"zero": 1.0
	},
	"bee_waggle_6": {
		"amoc": null,
		"binseg": null,
		"bocpd": 0.12068965517241377,
		"bocpdms": 0.3880597014925374,
		"cpnp": null,
		"ecp": 0.12380952380952381,
		"kcpa": 0.009836065573770493,
		"pelt": null,
		"prophet": null,
		"rbocpdms": 0.17931034482758623,
		"rfpop": null,
		"segneigh": null,
		"wbs": null,
		"zero": 0.9285714285714287
	},
	"bitcoin": {
		"amoc": 0.36708860759493667,
		"binseg": 0.42573099415204685,
		"bocpd": 0.6923076923076923,
		"bocpdms": 0.2685185185185185,
		"cpnp": 0.46251993620414666,
		"ecp": 0.3381147540983606,
		"kcpa": 0.09164420485175202,
		"pelt": 0.672463768115942,
		"prophet": 0.4460431654676259,
		"rbocpdms": null,
		"rfpop": 0.284325637910085,
		"segneigh": 0.672463768115942,
		"wbs": 0.4642166344294003,
		"zero": 0.44961240310077516
	},
	"brent_spot": {
		"amoc": 0.27184466019417475,
		"binseg": 0.48343373493975905,
		"bocpd": 0.5207667731629393,
		"bocpdms": 0.23931623931623927,
		"cpnp": 0.6074320116254931,
		"ecp": 0.4778156996587031,
		"kcpa": 0.10404624277456646,
		"pelt": 0.4647239263803681,
		"prophet": 0.2485875706214689,
		"rbocpdms": 0.3212669683257919,
		"rfpop": 0.49029982363315694,
		"segneigh": 0.4313167259786477,
		"wbs": 0.5159055118110237,
		"zero": 0.3146067415730337
	},
	"businv": {
		"amoc": 0.45454545454545453,
		"binseg": 0.3703703703703703,
		"bocpd": 0.27027027027027023,
		"bocpdms": 0.3703703703703703,
		"cpnp": 0.30400000000000005,
		"ecp": 0.30107526881720426,
		"kcpa": 0.04747774480712166,
		"pelt": 0.3703703703703703,
		"prophet": 0.27530364372469635,
		"rbocpdms": 0.23809523809523808,
		"rfpop": 0.24489795918367346,
		"segneigh": 0.3125,
		"wbs": 0.22959183673469385,
		"zero": 0.5882352941176471
	},
	"centralia": {
		"amoc": 0.7628865979381444,
		"binseg": 0.9090909090909091,
		"bocpd": 0.9090909090909091,
		"bocpdms": 0.8461538461538461,
		"cpnp": 0.9090909090909091,
		"ecp": 0.7628865979381444,
		"kcpa": 0.7142857142857143,
		"pelt": 0.9090909090909091,
		"prophet": 0.7628865979381444,
		"rbocpdms": 0.8461538461538461,
		"rfpop": 1.0,
		"segneigh": 0.9090909090909091,
		"wbs": 0.5555555555555556,
		"zero": 0.7628865979381444
	},
	"children_per_woman": {
		"amoc": 0.6175115207373272,
		"binseg": 0.6175115207373272,
		"bocpd": 0.6368286445012787,
		"bocpdms": 0.3366336633663366,
		"cpnp": 0.32618025751072954,
		"ecp": 0.3485045513654097,
		"kcpa": 0.06837606837606837,
		"pelt": 0.6175115207373272,
		"prophet": 0.31017119838872104,
		"rbocpdms": 0.4318181818181818,
		"rfpop": 0.24561403508771928,
		"segneigh": 0.3366336633663366,
		"wbs": 0.2711864406779661,
		"zero": 0.5074626865671642
	},
	"co2_canada": {
		"amoc": 0.5441941074523396,
		"binseg": 0.6905689789555729,
		"bocpd": 0.6192917054986021,
		"bocpdms": 0.26523297491039427,
		"cpnp": 0.5784832451499119,
		"ecp": 0.8169458606457879,
		"kcpa": 0.1688311688311688,
		"pelt": 0.6613545816733067,
		"prophet": 0.48212083847102344,
		"rbocpdms": 0.38053097345132747,
		"rfpop": 0.5687485701212537,
		"segneigh": 0.6613545816733067,
		"wbs": 0.52,
		"zero": 0.36097560975609755
	},
	"construction": {
		"amoc": 0.5161290322580646,
		"binseg": 0.7090909090909091,
		"bocpd": 0.6341463414634146,
		"bocpdms": 0.4102564102564102,
		"cpnp": 0.6021505376344086,
		"ecp": 0.5735294117647058,
		"kcpa": 0.03809523809523809,
		"pelt": 0.7090909090909091,
		"prophet": 0.32432432432432434,
		"rbocpdms": 0.2909090909090909,
		"rfpop": 0.1851851851851852,
		"segneigh": 0.7090909090909091,
		"wbs": 0.3163841807909604,
		"zero": 0.6956521739130436
	},
	"debt_ireland": {
		"amoc": 0.4693877551020408,
		"binseg": 0.7603305785123966,
		"bocpd": 0.7603305785123966,
		"bocpdms": 0.611111111111111,
		"cpnp": 0.7603305785123966,
		"ecp": 0.4693877551020408,
		"kcpa": 0.5185185185185185,
		"pelt": 0.7603305785123966,
		"prophet": 0.4693877551020408,
		"rbocpdms": 0.5301204819277109,
		"rfpop": 0.8235294117647058,
		"segneigh": 0.7603305785123966,
		"wbs": 0.5384615384615384,
		"zero": 0.4693877551020408
	},
	"gdp_argentina": {
		"amoc": 0.888888888888889,
		"binseg": 0.888888888888889,
		"bocpd": 0.9473684210526316,
		"bocpdms": 0.5833333333333333,
		"cpnp": 0.8181818181818182,
		"ecp": 0.8235294117647058,
		"kcpa": 0.13114754098360656,
		"pelt": 0.888888888888889,
		"prophet": 0.6153846153846153,
		"rbocpdms": 0.45161290322580644,
		"rfpop": 0.5714285714285715,
		"segneigh": 0.9473684210526316,
		"wbs": 0.14814814814814814,
		"zero": 0.8235294117647058
	},
	"gdp_croatia": {
		"amoc": 0.5833333333333333,
		"binseg": 0.5833333333333333,
		"bocpd": 1.0,
		"bocpdms": 0.5833333333333333,
		"cpnp": 1.0,
		"ecp": 0.8235294117647058,
		"kcpa": 0.16,
		"pelt": 0.5833333333333333,
		"prophet": 0.8235294117647058,
		"rbocpdms": 0.45161290322580644,
		"rfpop": 0.4,
		"segneigh": 0.5833333333333333,
		"wbs": 0.16666666666666669,
		"zero": 0.8235294117647058
	},
	"gdp_iran": {
		"amoc": 0.4915254237288136,
		"binseg": 0.4915254237288136,
		"bocpd": 0.6222222222222222,
		"bocpdms": 0.4915254237288136,
		"cpnp": 0.3295454545454546,
		"ecp": 0.651685393258427,
		"kcpa": 0.21875,
		"pelt": 0.4915254237288136,
		"prophet": 0.651685393258427,
		"rbocpdms": 0.39455782312925175,
		"rfpop": 0.6086956521739131,
		"segneigh": 0.39455782312925175,
		"wbs": 0.24561403508771928,
		"zero": 0.651685393258427
	},
	"gdp_japan": {
		"amoc": 0.6153846153846154,
		"binseg": 0.6153846153846154,
		"bocpd": 0.8,
		"bocpdms": 0.47058823529411764,
		"cpnp": 0.6666666666666666,
		"ecp": 0.888888888888889,
		"kcpa": 0.06779661016949151,
		"pelt": 0.6153846153846154,
		"prophet": 0.888888888888889,
		"rbocpdms": 0.47058823529411764,
		"rfpop": 0.1904761904761905,
		"segneigh": 0.6153846153846154,
		"wbs": 0.07692307692307693,
		"zero": 0.888888888888889
	},
	"global_co2": {
		"amoc": 0.9285714285714286,
		"binseg": 0.9285714285714286,
		"bocpd": 0.7536231884057971,
		"bocpdms": 0.45833333333333337,
		"cpnp": 0.42105263157894735,
		"ecp": 0.7536231884057971,
		"kcpa": 0.16666666666666669,
		"pelt": 0.7536231884057971,
		"prophet": 0.46280991735537186,
		"rbocpdms": 0.45833333333333337,
		"rfpop": 0.2932330827067669,
		"segneigh": 0.7536231884057971,
		"wbs": 0.17857142857142855,
		"zero": 0.8461538461538461
	},
	"homeruns": {
		"amoc": 0.8118811881188119,
		"binseg": 0.8118811881188119,
		"bocpd": 0.7285714285714285,
		"bocpdms": 0.5522388059701493,
		"cpnp": 0.6041379310344828,
		"ecp": 0.6748971193415637,
		"kcpa": 0.13333333333333333,
		"pelt": 0.8118811881188119,
		"prophet": 0.7233146067415729,
		"rbocpdms": 0.5081967213114754,
		"rfpop": 0.6610169491525424,
		"segneigh": 0.3973063973063973,
		"wbs": 0.5925925925925926,
		"zero": 0.659217877094972
	},
	"iceland_tourism": {
		"amoc": 0.6428571428571429,
		"binseg": 0.6428571428571429,
		"bocpd": 0.48648648648648646,
		"bocpdms": 0.391304347826087,
		"cpnp": 0.391304347826087,
		"ecp": 0.391304347826087,
		"kcpa": 0.020833333333333332,
		"pelt": 0.6428571428571429,
		"prophet": 0.21951219512195125,
		"rbocpdms": 0.6666666666666666,
		"rfpop": 0.19999999999999998,
		"segneigh": 0.48648648648648646,
		"wbs": 0.19999999999999998,
		"zero": 0.9473684210526316
	},
	"jfk_passengers": {
		"amoc": 0.7755102040816326,
		"binseg": 0.7755102040816326,
		"bocpd": 0.43678160919540227,
		"bocpdms": 0.5588235294117647,