{
	"apple": {
		"amoc": null,
		"binseg": null,
		"bocpd": 0.8460730008400692,
		"bocpdms": 0.782877560586707,
		"cpnp": null,
		"ecp": 0.7581073567120613,
		"kcpa": 0.46211340377509946,
		"pelt": null,
		"prophet": null,
		"rbocpdms": 0.6988492043890476,
		"rfpop": null,
		"segneigh": null,
		"wbs": null,
		"zero": 0.4246265030345013
	},
	"bank": {
		"amoc": 1.0,
		"binseg": 1.0,
		"bocpd": 1.0,
		"bocpdms": 0.9965576592082617,
		"cpnp": 1.0,
		"ecp": 0.23752151462994836,
		"kcpa": 0.5094664371772806,
		"pelt": 1.0,
		"prophet": 1.0,
		"rbocpdms": 0.9965576592082617,
		"rfpop": 1.0,
		"segneigh": 1.0,
		"wbs": 0.05335628227194492,
		"zero": 1.0
	},
	"bee_waggle_6": {
		"amoc": null,
		"binseg": null,
		"bocpd": 0.8911284212456287,
		"bocpdms": 0.8872558038885254,
		"cpnp": null,
		"ecp": 0.11625615763546797,
		"kcpa": 0.7303950723782282,
		"pelt": null,
		"prophet": null,
		"rbocpdms": 0.7369721138194043,
		"rfpop": null,
		"segneigh": null,
		"wbs": null,
		"zero": 0.8911284212456287
	},
	"bitcoin": {
		"amoc": 0.7707706590725811,
		"binseg": 0.7712230785185206,
		"bocpd": 0.8218751499362484,
		"bocpdms": 0.7782483943163403,
		"cpnp": 0.7566830276208756,
		"ecp": 0.771791096989872,
		"kcpa": 0.7784573367419938,
		"pelt": 0.7963106146234455,
		"prophet": 0.7226106485390158,
		"rbocpdms": 0.7427661044686769,
		"rfpop": 0.8016761779667971,
		"segneigh": 0.7963106146234455,
		"wbs": 0.409493345209164,
		"zero": 0.5162283249537621
	},
	"brent_spot": {
		"amoc": 0.5028414234471386,
		"binseg": 0.6501765487475175,
		"bocpd": 0.6670166047557559,
		"bocpdms": 0.48449134569865454,
		"cpnp": 0.6423935298445265,
		"ecp": 0.652671419860276,
		"kcpa": 0.5709867202012286,
		"pelt": 0.6585704614415928,
		"prophet": 0.5267413957201191,
		"rbocpdms": 0.7089034442926243,
		"rfpop": 0.6687158527811822,
		"segneigh": 0.6585704614415928,
		"wbs": 0.31014712103354664,
		"zero": 0.2658176
	},
	"businv": {
		"amoc": 0.5735800041718168,
		"binseg": 0.5796051948051948,
		"bocpd": 0.6934639833585337,
		"bocpdms": 0.45893761338439826,
		"cpnp": 0.6758195089581951,
		"ecp": 0.6896418732782369,
		"kcpa": 0.4047004028822211,
		"pelt": 0.7052848986762031,
		"prophet": 0.538569302841513,
		"rbocpdms": 0.6888671144961804,
		"rfpop": 0.6027521396099411,
		"segneigh": 0.7052848986762031,
		"wbs": 0.15422799422799421,
		"zero": 0.46094765840220386
	},
	"centralia": {
		"amoc": 0.6746666666666667,
		"binseg": 0.6746666666666667,
		"bocpd": 0.7533333333333333,
		"bocpdms": 0.6502564102564102,
		"cpnp": 0.6746666666666667,
		"ecp": 0.7533333333333333,
		"kcpa": 0.7533333333333333,
		"pelt": 0.6746666666666667,
		"prophet": 0.6746666666666667,
		"rbocpdms": 0.6235897435897436,
		"rfpop": 0.6746666666666667,
		"segneigh": 0.6746666666666667,
		"wbs": 0.2533333333333333,
		"zero": 0.6746666666666667
	},
	"children_per_woman": {
		"amoc": 0.8043846316761503,
		"binseg": 0.8043846316761503,
		"bocpd": 0.8335084371434409,
		"bocpdms": 0.9252695401591666,
		"cpnp": 0.8173880815588965,
		"ecp": 0.7180537187470566,
		"kcpa": 0.6130951300332053,
		"pelt": 0.8043846316761503,
		"prophet": 0.5208010335917312,
		"rbocpdms": 0.8388177087188063,
		"rfpop": 0.7982556272643626,
		"segneigh": 0.8043846316761503,
		"wbs": 0.2843853820598007,
		"zero": 0.42910563901060694
	},
	"co2_canada": {
		"amoc": 0.5267191888742934,
		"binseg": 0.7755807952328084,
		"bocpd": 0.772926509938741,
		"bocpdms": 0.5835255294963175,
		"cpnp": 0.6670622105845674,
		"ecp": 0.7509102911262894,
		"kcpa": 0.7393910176418691,
		"pelt": 0.7599508066834136,
		"prophet": 0.6052738096557918,
		"rbocpdms": 0.6541109326418125,
		"rfpop": 0.7677129560926507,
		"segneigh": 0.7599508066834136,
		"wbs": 0.5520636623107346,
		"zero": 0.2775684153596538
	},
	"construction": {
		"amoc": 0.6285250381802105,
		"binseg": 0.6256477512635149,
		"bocpd": 0.6314125973564295,
		"bocpdms": 0.5712959390806137,
		"cpnp": 0.5746032369964917,
		"ecp": 0.5244863926748338,
		"kcpa": 0.39527377713373163,
		"pelt": 0.5746032369964917,
		"prophet": 0.5613415565464418,
		"rbocpdms": 0.7439076293927938,
		"rfpop": 0.7324512478117493,
		"segneigh": 0.6256477512635149,
		"wbs": 0.29963287533304633,
		"zero": 0.5746032369964917
	},
	"debt_ireland": {
		"amoc": 0.6346153846153847,
		"binseg": 0.8586167800453515,
		"bocpd": 0.8136243386243386,
		"bocpdms": 0.8029478458049887,
		"cpnp": 0.7770823885109599,
		"ecp": 0.7982539682539682,
		"kcpa": 0.7467989417989418,
		"pelt": 0.7792517006802722,
		"prophet": 0.32063492063492066,
		"rbocpdms": 0.6891341991341992,
		"rfpop": 0.8586167800453515,
		"segneigh": 0.8586167800453515,
		"wbs": 0.24761904761904757,
		"zero": 0.32063492063492066
	},
	"gdp_argentina": {
		"amoc": 0.737087043952887,
		"binseg": 0.737087043952887,
		"bocpd": 0.737087043952887,
		"bocpdms": 0.7110348407646522,
		"cpnp": 0.737087043952887,
		"ecp": 0.737087043952887,
		"kcpa": 0.3674114021571649,
		"pelt": 0.737087043952887,
		"prophet": 0.5923942458339267,
		"rbocpdms": 0.7110348407646522,
		"rfpop": 0.737087043952887,
		"segneigh": 0.737087043952887,
		"wbs": 0.32618917441224715,
		"zero": 0.737087043952887
	},
	"gdp_croatia": {
		"amoc": 0.7083333333333333,
		"binseg": 0.7083333333333333,
		"bocpd": 0.7083333333333333,
		"bocpdms": 0.6749999999999999,
		"cpnp": 0.7083333333333333,
		"ecp": 0.7083333333333333,
		"kcpa": 0.6229166666666666,
		"pelt": 0.7083333333333333,
		"prophet": 0.7083333333333333,
		"rbocpdms": 0.7083333333333333,
		"rfpop": 0.7833333333333333,
		"segneigh": 0.7083333333333333,
		"wbs": 0.10833333333333332,
		"zero": 0.7083333333333333
	},
	"gdp_iran": {
		"amoc": 0.582639714625446,
		"binseg": 0.582639714625446,
		"bocpd": 0.582639714625446,
		"bocpdms": 0.7187840290381126,
		"cpnp": 0.582639714625446,
		"ecp": 0.582639714625446,
		"kcpa": 0.5052552055304881,
		"pelt": 0.582639714625446,
		"prophet": 0.582639714625446,
		"rbocpdms": 0.7530276191600392,
		"rfpop": 0.6259138506386407,
		"segneigh": 0.582639714625446,
		"wbs": 0.2949833691213002,
		"zero": 0.582639714625446
	},
	"gdp_japan": {
		"amoc": 0.802140309155767,
		"binseg": 0.802140309155767,
		"bocpd": 0.802140309155767,
		"bocpdms": 0.7767113979955835,
		"cpnp": 0.802140309155767,
		"ecp": 0.802140309155767,
		"kcpa": 0.5251231527093596,
		"pelt": 0.802140309155767,
		"prophet": 0.802140309155767,
		"rbocpdms": 0.802140309155767,
		"rfpop": 0.802140309155767,
		"segneigh": 0.802140309155767,
		"wbs": 0.2827586206896552,
		"zero": 0.802140309155767
	},
	"global_co2": {
		"amoc": 0.7583210059171598,
		"binseg": 0.7583210059171598,
		"bocpd": 0.7583210059171598,
		"bocpdms": 0.7448794088641374,
		"cpnp": 0.7583210059171598,
		"ecp": 0.6650294201854959,
		"kcpa": 0.6019677335999438,
		"pelt": 0.7583210059171598,
		"prophet": 0.28393162393162397,
		"rbocpdms": 0.7448794088641374,
		"rfpop": 0.7583210059171598,
		"segneigh": 0.7583210059171598,
		"wbs": 0.3384615384615385,
		"zero": 0.7583210059171598
	},
	"homeruns": {
		"amoc": 0.6938028443405415,
		"binseg": 0.6942622319070073,
		"bocpd": 0.6938028443405415,
		"bocpdms": 0.680960144370277,
		"cpnp": 0.6463115976145637,
		"ecp": 0.6938028443405415,
		"kcpa": 0.5010824415596941,
		"pelt": 0.6942622319070073,
		"prophet": 0.5745768856386569,
		"rbocpdms": 0.6876595756996065,
		"rfpop": 0.6870860056645982,
		"segneigh": 0.6942622319070073,
		"wbs": 0.4067376916868442,
		"zero": 0.5107153116920425
	},
	"iceland_tourism": {
		"amoc": 0.9460215651119921,
		"binseg": 0.9460215651119921,
		"bocpd": 0.9460215651119921,
		"bocpdms": 0.9363470414337328,
		"cpnp": 0.9460215651119921,
		"ecp": 0.8418851011815836,
		"kcpa": 0.6545290555340807,
		"pelt": 0.9460215651119921,
		"prophet": 0.49849246231155775,
		"rbocpdms": 0.9363470414337328,
		"rfpop": 0.9460215651119921,
		"segneigh": 0.9460215651119921,
		"wbs": 0.5115577889447236,
		"zero": 0.9460215651119921
	},
	"jfk_passengers": {
		"amoc": 0.8439883836604652,
		"binseg": 0.8452759548144163,
		"bocpd": 0.8424072948441866,
		"bocpdms": 0.8552508740357858,
		"cpnp": 0.8452759548144163,