{
	"apple": {
		"amoc": null,
		"binseg": null,
		"bocpd": 0.9156626506024097,
		"bocpdms": 0.5517241379310346,
		"cpnp": null,
		"ecp": 0.7450980392156863,
		"kcpa": 0.6341463414634148,
		"pelt": null,
		"prophet": null,
		"rbocpdms": 0.5753424657534246,
		"rfpop": null,
		"segneigh": null,
		"wbs": null,
		"zero": 0.59375
	},
	"bank": {
		"amoc": 1.0,
		"binseg": 1.0,
		"bocpd": 1.0,
		"bocpdms": 0.5,
		"cpnp": 1.0,
		"ecp": 0.19999999999999998,
		"kcpa": 0.33333333333333337,
		"pelt": 1.0,
		"prophet": 1.0,
		"rbocpdms": 0.5,
		"rfpop": 1.0,
		"segneigh": 1.0,
		"wbs": 0.042553191489361694,
		"zero": 1.0
	},
	"bee_waggle_6": {
		"amoc": null,
		"binseg": null,
		"bocpd": 0.9285714285714287,
		"bocpdms": 0.6511627906976745,
		"cpnp": null,
		"ecp": 0.2333333333333333,
		"kcpa": 0.6511627906976745,
		"pelt": null,
		"prophet": null,
		"rbocpdms": 0.358974358974359,
		"rfpop": null,
		"segneigh": null,
		"wbs": null,
		"zero": 0.9285714285714287
	},
	"bitcoin": {
		"amoc": 0.5074626865671642,
		"binseg": 0.780399274047187,
		"bocpd": 0.7333333333333333,
		"bocpdms": 0.5333333333333332,
		"cpnp": 0.6108918705603787,
		"ecp": 0.6254681647940075,
		"kcpa": 0.6648953835934905,
		"pelt": 0.7832550860719873,
		"prophet": 0.4460431654676259,
		"rbocpdms": 0.42196531791907516,
		"rfpop": 0.7271702367531003,
		"segneigh": 0.7832550860719873,
		"wbs": 0.6899383983572897,
		"zero": 0.44961240310077516
	},
	"brent_spot": {
		"amoc": 0.4654731457800512,
		"binseg": 0.6698564593301435,
		"bocpd": 0.6314496314496315,
		"bocpdms": 0.3087557603686636,
		"cpnp": 0.734991208239136,
		"ecp": 0.6363636363636364,
		"kcpa": 0.5525773195876289,
		"pelt": 0.6411483253588517,
		"prophet": 0.2485875706214689,
		"rbocpdms": 0.6208053691275168,
		"rfpop": 0.6411483253588517,
		"segneigh": 0.6512141280353201,
		"wbs": 0.563701923076923,
		"zero": 0.3146067415730337
	},
	"businv": {
		"amoc": 0.5882352941176471,
		"binseg": 0.5882352941176471,
		"bocpd": 0.6495726495726496,
		"bocpdms": 0.45454545454545453,
		"cpnp": 0.5882352941176471,
		"ecp": 0.3703703703703703,
		"kcpa": 0.2940038684719536,
		"pelt": 0.5882352941176471,
		"prophet": 0.27530364372469635,
		"rbocpdms": 0.5534591194968553,
		"rfpop": 0.5882352941176471,
		"segneigh": 0.5882352941176471,
		"wbs": 0.28938906752411575,
		"zero": 0.5882352941176471
	},
	"centralia": {
		"amoc": 0.9090909090909091,
		"binseg": 1.0,
		"bocpd": 1.0,
		"bocpdms": 1.0,
		"cpnp": 1.0,
		"ecp": 0.9090909090909091,
		"kcpa": 1.0,
		"pelt": 1.0,
		"prophet": 0.7628865979381444,
		"rbocpdms": 0.9743589743589743,
		"rfpop": 1.0,
		"segneigh": 1.0,
		"wbs": 0.5555555555555556,
		"zero": 0.7628865979381444
	},
	"children_per_woman": {
		"amoc": 0.6784140969162996,
		"binseg": 0.6784140969162996,
		"bocpd": 0.7868852459016393,
		"bocpdms": 0.8263473053892215,
		"cpnp": 0.7341772151898733,
		"ecp": 0.5507246376811594,
		"kcpa": 0.5253164556962024,
		"pelt": 0.7777777777777778,
		"prophet": 0.31017119838872104,
		"rbocpdms": 0.5800376647834274,
		"rfpop": 0.6368286445012787,
		"segneigh": 0.7777777777777778,
		"wbs": 0.5,
		"zero": 0.5074626865671642
	},
	"co2_canada": {
		"amoc": 0.5441941074523396,
		"binseg": 0.8925510876730389,
		"bocpd": 0.9244558258642765,
		"bocpdms": 0.47902364607170106,
		"cpnp": 0.6773560209424084,
		"ecp": 0.8746355685131195,
		"kcpa": 0.867075664621677,
		"pelt": 0.893641810918775,
		"prophet": 0.48212083847102344,
		"rbocpdms": 0.6208651399491094,
		"rfpop": 0.893641810918775,
		"segneigh": 0.893641810918775,
		"wbs": 0.6806187443130118,
		"zero": 0.36097560975609755
	},
	"construction": {
		"amoc": 0.6956521739130436,
		"binseg": 0.7090909090909091,
		"bocpd": 0.7090909090909091,
		"bocpdms": 0.5161290322580646,
		"cpnp": 0.7090909090909091,
		"ecp": 0.7090909090909091,
		"kcpa": 0.6341463414634146,
		"pelt": 0.7090909090909091,
		"prophet": 0.32432432432432434,
		"rbocpdms": 0.6153846153846154,
		"rfpop": 0.7090909090909091,
		"segneigh": 0.7090909090909091,
		"wbs": 0.5233644859813084,
		"zero": 0.6956521739130436
	},
	"debt_ireland": {
		"amoc": 0.7603305785123966,
		"binseg": 1.0,
		"bocpd": 1.0,
		"bocpdms": 0.8921933085501859,
		"cpnp": 0.9583333333333333,
		"ecp": 0.9795918367346939,
		"kcpa": 1.0,
		"pelt": 1.0,
		"prophet": 0.4693877551020408,
		"rbocpdms": 0.9583333333333333,
		"rfpop": 1.0,
		"segneigh": 1.0,
		"wbs": 0.5384615384615384,
		"zero": 0.4693877551020408
	},
	"gdp_argentina": {
		"amoc": 0.888888888888889,
		"binseg": 0.9473684210526316,
		"bocpd": 0.9473684210526316,
		"bocpdms": 0.5833333333333333,
		"cpnp": 0.888888888888889,
		"ecp": 0.888888888888889,
		"kcpa": 0.8,
		"pelt": 0.9473684210526316,
		"prophet": 0.6153846153846153,
		"rbocpdms": 0.8181818181818182,
		"rfpop": 0.9473684210526316,
		"segneigh": 0.9473684210526316,
		"wbs": 0.4210526315789474,
		"zero": 0.8235294117647058
	},
	"gdp_croatia": {
		"amoc": 1.0,
		"binseg": 0.8235294117647058,
		"bocpd": 1.0,
		"bocpdms": 0.5833333333333333,
		"cpnp": 1.0,
		"ecp": 0.8235294117647058,
		"kcpa": 0.8,
		"pelt": 0.8235294117647058,
		"prophet": 0.8235294117647058,
		"rbocpdms": 0.8235294117647058,
		"rfpop": 1.0,
		"segneigh": 0.8235294117647058,
		"wbs": 0.16666666666666669,
		"zero": 0.8235294117647058
	},
	"gdp_iran": {
		"amoc": 0.6956521739130436,
		"binseg": 0.6956521739130436,
		"bocpd": 0.8615384615384615,
		"bocpdms": 0.838235294117647,
		"cpnp": 0.6666666666666666,
		"ecp": 0.8235294117647058,
		"kcpa": 0.7340823970037452,
		"pelt": 0.8082474226804124,
		"prophet": 0.651685393258427,
		"rbocpdms": 0.8990825688073394,
		"rfpop": 0.8333333333333333,
		"segneigh": 0.8082474226804124,
		"wbs": 0.5756240822320117,
		"zero": 0.651685393258427
	},
	"gdp_japan": {
		"amoc": 1.0,
		"binseg": 1.0,
		"bocpd": 1.0,
		"bocpdms": 0.6153846153846154,
		"cpnp": 1.0,
		"ecp": 1.0,
		"kcpa": 0.5,
		"pelt": 1.0,
		"prophet": 0.888888888888889,
		"rbocpdms": 1.0,
		"rfpop": 1.0,
		"segneigh": 1.0,
		"wbs": 0.2222222222222222,
		"zero": 0.888888888888889
	},
	"global_co2": {
		"amoc": 0.9285714285714286,
		"binseg": 0.9285714285714286,
		"bocpd": 0.9285714285714286,
		"bocpdms": 0.45833333333333337,
		"cpnp": 0.8461538461538461,
		"ecp": 0.9285714285714287,
		"kcpa": 0.7499999999999999,
		"pelt": 0.9285714285714286,
		"prophet": 0.46280991735537186,
		"rbocpdms": 0.6341463414634146,
		"rfpop": 0.9285714285714286,
		"segneigh": 0.9285714285714286,
		"wbs": 0.25,
		"zero": 0.8461538461538461
	},
	"homeruns": {
		"amoc": 0.8118811881188119,
		"binseg": 0.888888888888889,
		"bocpd": 0.8292682926829268,
		"bocpdms": 0.6748971193415637,
		"cpnp": 0.6813186813186812,
		"ecp": 0.8291457286432161,
		"kcpa": 0.8291457286432161,
		"pelt": 0.8732394366197184,
		"prophet": 0.7233146067415729,
		"rbocpdms": 0.8785046728971964,
		"rfpop": 0.961038961038961,
		"segneigh": 0.8732394366197184,
		"wbs": 0.6644951140065146,
		"zero": 0.659217877094972
	},
	"iceland_tourism": {
		"amoc": 0.9473684210526316,
		"binseg": 0.9473684210526316,
		"bocpd": 0.9473684210526316,
		"bocpdms": 0.48648648648648646,
		"cpnp": 0.9473684210526316,
		"ecp": 1.0,
		"kcpa": 0.48648648648648646,
		"pelt": 0.9473684210526316,
		"prophet": 0.21951219512195125,
		"rbocpdms": 0.6666666666666666,
		"rfpop": 0.9473684210526316,
		"segneigh": 0.9473684210526316,
		"wbs": 0.19999999999999998,
		"zero": 0.9473684210526316
	},
	"jfk_passengers": {
		"amoc": 0.7755102040816326,
		"binseg": 0.7755102040816326,
		"bocpd": 0.7755102040816326,
		"bocpdms": 0.6495726495726496,
		"cpnp": 0.7755102040816326,
		"ecp": 0.6511627906976745,
		"kcpa": 0.6511627906976745,
		"pelt": 0.7755102040816326,
		"prophet": 0.35374149659863946,
		"rbocpdms": 0.41975308641975306,
		"rfpop": 0.7755102040816326,
		"segneigh": 0.7755102040816326,
		"wbs": 0.43678160919540227,
		"zero": 0.723404255319149
	},
	"lga_passengers": {
		"amoc": 0.5611510791366906,
		"binseg": 0.6203208556149732,
		"bocpd": 0.7151515151515152,
		"bocpdms": 0.5630944831959418,
		"cpnp": 0.634338138925295,
		"ecp": 0.892156862745098,